{
  "model": "Aspect-CF (NLI raw+ctr v2)",
  "val": {
    "NDCG@10": 0.04375346210997503,
    "Recall@10": 0.08459445412577578,
    "Precision@10": 0.008459445412577577,
    "HR@10": 0.08459445412577578,
    "n_users_evaluated": 32709
  },
  "test": {
    "NDCG@10": 0.028298621424943677,
    "Recall@10": 0.056192485248708304,
    "Precision@10": 0.005619248524870831,
    "HR@10": 0.056192485248708304,
    "n_users_evaluated": 32709
  }
}