{
  "model": "Aspect-MTL",
  "val": {
    "NDCG@10": 0.04691070596764208,
    "Recall@10": 0.09110642330856951,
    "Precision@10": 0.00911064233085695,
    "HR@10": 0.09110642330856951,
    "n_users_evaluated": 32709
  },
  "test": {
    "NDCG@10": 0.02937625188572525,
    "Recall@10": 0.05934146565165551,
    "Precision@10": 0.005934146565165551,
    "HR@10": 0.05934146565165551,
    "n_users_evaluated": 32709
  }
}