{
  "model": "CF+BERT",
  "val": {
    "NDCG@10": 0.039034731466487727,
    "Recall@10": 0.0778379039408114,
    "Precision@10": 0.007783790394081141,
    "HR@10": 0.0778379039408114,
    "n_users_evaluated": 32709
  },
  "test": {
    "NDCG@10": 0.0262550783655125,
    "Recall@10": 0.053685529976459076,
    "Precision@10": 0.005368552997645907,
    "HR@10": 0.053685529976459076,
    "n_users_evaluated": 32709
  }
}