{
  "model": "MTL-sent-only",
  "val": {
    "NDCG@10": 0.05133621038490587,
    "Recall@10": 0.09978904888562781,
    "Precision@10": 0.009978904888562783,
    "HR@10": 0.09978904888562781,
    "n_users_evaluated": 32709
  },
  "test": {
    "NDCG@10": 0.0319563056607375,
    "Recall@10": 0.06441652144669663,
    "Precision@10": 0.006441652144669664,
    "HR@10": 0.06441652144669663,
    "n_users_evaluated": 32709
  }
}