{
  "model": "MTL-both-soft",
  "val": {
    "NDCG@10": 0.048718621163136654,
    "Recall@10": 0.09535601822128466,
    "Precision@10": 0.009535601822128465,
    "HR@10": 0.09535601822128466,
    "n_users_evaluated": 32709
  },
  "test": {
    "NDCG@10": 0.03125658155074383,
    "Recall@10": 0.06404964994344065,
    "Precision@10": 0.0064049649943440645,
    "HR@10": 0.06404964994344065,
    "n_users_evaluated": 32709
  }
}