{
  "model": "MTL-asp-only",
  "val": {
    "NDCG@10": 0.048097519104371315,
    "Recall@10": 0.09361337858081874,
    "Precision@10": 0.009361337858081874,
    "HR@10": 0.09361337858081874,
    "n_users_evaluated": 32709
  },
  "test": {
    "NDCG@10": 0.0300125554133849,
    "Recall@10": 0.06160383992173408,
    "Precision@10": 0.006160383992173408,
    "HR@10": 0.06160383992173408,
    "n_users_evaluated": 32709
  }
}