{
  "model": "NCF",
  "emb_dim_gmf": 32,
  "emb_dim_mlp": 32,
  "mlp_layers": [
    64,
    32,
    16
  ],
  "dropout": 0.2,
  "lr": 0.001,
  "val": {
    "NDCG@10": 0.037531266122380044,
    "Recall@10": 0.07419976153352288,
    "Precision@10": 0.007419976153352289,
    "HR@10": 0.07419976153352288,
    "n_users_evaluated": 32709
  },
  "test": {
    "NDCG@10": 0.023747678906126363,
    "Recall@10": 0.04916078143630193,
    "Precision@10": 0.004916078143630194,
    "HR@10": 0.04916078143630193,
    "n_users_evaluated": 32709
  }
}