{
  "model": "Aspect-CF (NLI raw)",
  "val": {
    "NDCG@10": 0.04756936757128636,
    "Recall@10": 0.09413311321043139,
    "Precision@10": 0.009413311321043137,
    "HR@10": 0.09413311321043139,
    "n_users_evaluated": 32709
  },
  "test": {
    "NDCG@10": 0.030056047669013864,
    "Recall@10": 0.061817848298633404,
    "Precision@10": 0.006181784829863341,
    "HR@10": 0.061817848298633404,
    "n_users_evaluated": 32709
  }
}
