{
  "model": "LightGCN",
  "emb_dim": 64,
  "n_layers": 1,
  "lr": 0.001,
  "val": {
    "NDCG@10": 0.03511357097985791,
    "Recall@10": 0.0728851386468556,
    "Precision@10": 0.007288513864685561,
    "HR@10": 0.0728851386468556,
    "n_users_evaluated": 32709
  },
  "test": {
    "NDCG@10": 0.024095884751420507,
    "Recall@10": 0.050169678070255894,
    "Precision@10": 0.00501696780702559,
    "HR@10": 0.050169678070255894,
    "n_users_evaluated": 32709
  }
}
